<code_scheme name="Default" version="173">
  <Objective-C>
    <option name="INDENT_VISIBILITY_KEYWORDS" value="4" />
    <option name="INDENT_PREPROCESSOR_DIRECTIVE" value="4" />
    <option name="INDENT_DIRECTIVE_AS_CODE" value="true" />
    <option name="TAG_PREFIX_OF_LINE_COMMENT" value="AT" />
  </Objective-C>
  <Objective-C-extensions>
    <option name="TAG_PREFIX_OF_LINE_COMMENT" value="AT" />
    <rules>
      <rule entity="NAMESPACE" visibility="ANY" specifier="ANY" prefix="" style="SNAKE_CASE" suffix="" />
      <rule entity="MACRO" visibility="ANY" specifier="ANY" prefix="" style="SCREAMING_SNAKE_CASE" suffix="" />
      <rule entity="CLASS" visibility="ANY" specifier="ANY" prefix="" style="UPPER_SNAKE_CASE" suffix="" />
      <rule entity="STRUCT" visibility="ANY" specifier="ANY" prefix="" style="SNAKE_CASE" suffix="" />
      <rule entity="ENUM" visibility="ANY" specifier="ANY" prefix="" style="SNAKE_CASE" suffix="" />
      <rule entity="ENUMERATOR" visibility="ANY" specifier="ANY" prefix="" style="PASCAL_CASE" suffix="" />
      <rule entity="TYPEDEF" visibility="ANY" specifier="ANY" prefix="" style="UPPER_SNAKE_CASE" suffix="" />
      <rule entity="UNION" visibility="ANY" specifier="ANY" prefix="" style="SNAKE_CASE" suffix="" />
      <rule entity="CLASS_MEMBER_FUNCTION" visibility="ANY" specifier="ANY" prefix="" style="SNAKE_CASE" suffix="" />
      <rule entity="STRUCT_MEMBER_FUNCTION" visibility="ANY" specifier="ANY" prefix="" style="SNAKE_CASE" suffix="" />
      <rule entity="CLASS_MEMBER_FIELD" visibility="ANY" specifier="ANY" prefix="" style="SNAKE_CASE" suffix="" />
      <rule entity="STRUCT_MEMBER_FIELD" visibility="ANY" specifier="ANY" prefix="" style="SNAKE_CASE" suffix="" />
      <rule entity="GLOBAL_FUNCTION" visibility="ANY" specifier="ANY" prefix="" style="SNAKE_CASE" suffix="" />
      <rule entity="GLOBAL_VARIABLE" visibility="ANY" specifier="ANY" prefix="" style="SNAKE_CASE" suffix="" />
      <rule entity="PARAMETER" visibility="ANY" specifier="ANY" prefix="" style="SNAKE_CASE" suffix="" />
      <rule entity="LOCAL_VARIABLE" visibility="ANY" specifier="ANY" prefix="" style="SNAKE_CASE" suffix="" />
    </rules>
  </Objective-C-extensions>
  <Objective-C-extensions>
    <option name="TAG_PREFIX_OF_LINE_COMMENT" value="AT" />
    <rules>
      <rule entity="NAMESPACE" visibility="ANY" specifier="ANY" prefix="" style="SNAKE_CASE" suffix="" />
      <rule entity="MACRO" visibility="ANY" specifier="ANY" prefix="" style="SCREAMING_SNAKE_CASE" suffix="" />
      <rule entity="CLASS" visibility="ANY" specifier="ANY" prefix="" style="UPPER_SNAKE_CASE" suffix="" />
      <rule entity="STRUCT" visibility="ANY" specifier="ANY" prefix="" style="SNAKE_CASE" suffix="" />
      <rule entity="ENUM" visibility="ANY" specifier="ANY" prefix="" style="SNAKE_CASE" suffix="" />
      <rule entity="ENUMERATOR" visibility="ANY" specifier="ANY" prefix="" style="PASCAL_CASE" suffix="" />
      <rule entity="TYPEDEF" visibility="ANY" specifier="ANY" prefix="" style="UPPER_SNAKE_CASE" suffix="" />
      <rule entity="UNION" visibility="ANY" specifier="ANY" prefix="" style="SNAKE_CASE" suffix="" />
      <rule entity="CLASS_MEMBER_FUNCTION" visibility="ANY" specifier="ANY" prefix="" style="SNAKE_CASE" suffix="" />
      <rule entity="STRUCT_MEMBER_FUNCTION" visibility="ANY" specifier="ANY" prefix="" style="SNAKE_CASE" suffix="" />
      <rule entity="CLASS_MEMBER_FIELD" visibility="ANY" specifier="ANY" prefix="" style="SNAKE_CASE" suffix="" />
      <rule entity="STRUCT_MEMBER_FIELD" visibility="ANY" specifier="ANY" prefix="" style="SNAKE_CASE" suffix="" />
      <rule entity="GLOBAL_FUNCTION" visibility="ANY" specifier="ANY" prefix="" style="SNAKE_CASE" suffix="" />
      <rule entity="GLOBAL_VARIABLE" visibility="ANY" specifier="ANY" prefix="" style="SNAKE_CASE" suffix="" />
      <rule entity="PARAMETER" visibility="ANY" specifier="ANY" prefix="" style="SNAKE_CASE" suffix="" />
      <rule entity="LOCAL_VARIABLE" visibility="ANY" specifier="ANY" prefix="" style="SNAKE_CASE" suffix="" />
    </rules>
  </Objective-C-extensions>
  <files>
    <extensions>
      <pair source="cpp" header="hpp" fileNamingConvention="NONE" />
      <pair source="c" header="h" fileNamingConvention="NONE" />
      <pair source="cu" header="cuh" fileNamingConvention="NONE" />
    </extensions>
  </files>
  <codeStyleSettings language="ObjectiveC">
    <option name="WRAP_ON_TYPING" value="1" />
    <indentOptions>
      <option name="USE_TAB_CHARACTER" value="true" />
      <option name="SMART_TABS" value="true" />
      <option name="LABEL_INDENT_ABSOLUTE" value="true" />
    </indentOptions>
  </codeStyleSettings>
</code_scheme>