<?xml version="1.0" encoding="UTF-8"?>
<!DOCTYPE fontscolors PUBLIC "-//NetBeans//DTD Editor Fonts and Colors settings 1.2//EN" "http://netbeans.apache.org/dtds/EditorFontsColors-1_2.dtd">
<fontscolors>
    <fontcolor foreColor="white" name="identifier"/>
    <fontcolor foreColor="white" name="number"/>
    <fontcolor foreColor="ffa2d088" name="string"/>
    <fontcolor foreColor="ffa2d088" name="char"/>
    <fontcolor default="string" foreColor="orange" name="markup-attribute-value"/>
    <fontcolor bgColor="ff52503a" foreColor="red" name="warning" waveUnderlined="ff52503a"/>
    <fontcolor foreColor="ffcc00b4" name="keyword"/>
    <fontcolor foreColor="white" name="separator"/>
    <fontcolor foreColor="white" name="operator"/>
</fontscolors>
