<profile version="1.0">
  <option name="myName" value="Default" />
  <inspection_tool class="PyPep8Inspection" enabled="true" level="WEAK WARNING" enabled_by_default="true">
    <option name="ignoredErrors">
      <list>
        <option value="E303" />
        <option value="W292" />
        <option value="E302" />
        <option value="E203" />
        <option value="E702" />
        <option value="E266" />
        <option value="E306" />
        <option value="E114" />
        <option value="E116" />
        <option value="E117" />
      </list>
    </option>
  </inspection_tool>
  <inspection_tool class="PyPep8NamingInspection" enabled="false" level="WEAK WARNING" enabled_by_default="false" />
  <inspection_tool class="PyRedundantParenthesesInspection" enabled="false" level="WEAK WARNING" enabled_by_default="false" />
  <inspection_tool class="PyUnresolvedReferencesInspection" enabled="true" level="ERROR" enabled_by_default="true" />
</profile>