<keymap version="1" name="macOS copy" parent="Mac OS X 10.5+">
  <action id="$Cut">
    <keyboard-shortcut first-keystroke="meta x" />
    <keyboard-shortcut first-keystroke="shift delete" />
    <keyboard-shortcut first-keystroke="ctrl x" />
  </action>
  <action id="$Paste">
    <keyboard-shortcut first-keystroke="meta v" />
    <keyboard-shortcut first-keystroke="ctrl v" />
  </action>
  <action id="AutoIndentLines">
    <keyboard-shortcut first-keystroke="ctrl alt i" />
    <keyboard-shortcut first-keystroke="ctrl w" />
  </action>
  <action id="CommentByLineComment">
    <keyboard-shortcut first-keystroke="meta slash" />
    <keyboard-shortcut first-keystroke="meta divide" />
    <keyboard-shortcut first-keystroke="ctrl slash" />
  </action>
  <action id="Editor Cut">
    <keyboard-shortcut first-keystroke="ctrl x" />
  </action>
  <action id="Editor Paste">
    <keyboard-shortcut first-keystroke="ctrl v" />
  </action>
  <action id="EditorDecreaseFontSize">
    <mouse-shortcut keystroke="control button142" />
  </action>
  <action id="EditorDeleteLine">
    <keyboard-shortcut first-keystroke="meta back_space" />
    <keyboard-shortcut first-keystroke="ctrl y" />
  </action>
  <action id="EditorIncreaseFontSize">
    <mouse-shortcut keystroke="control button143" />
  </action>
  <action id="EditorLineEnd">
    <keyboard-shortcut first-keystroke="end" />
    <keyboard-shortcut first-keystroke="meta right" />
  </action>
  <action id="EditorResetFontSize">
    <mouse-shortcut keystroke="control button2" />
  </action>
  <action id="Find" />
  <action id="Git.Commit.And.Push.Executor">
    <keyboard-shortcut first-keystroke="meta alt k" />
    <keyboard-shortcut first-keystroke="ctrl s" />
  </action>
  <action id="QuickJavaDoc">
    <keyboard-shortcut first-keystroke="f1" />
    <keyboard-shortcut first-keystroke="ctrl j" />
    <keyboard-shortcut first-keystroke="ctrl q" />
  </action>
  <action id="RenameElement">
    <keyboard-shortcut first-keystroke="shift f6" />
    <keyboard-shortcut first-keystroke="alt r" />
  </action>
  <action id="Replace">
    <keyboard-shortcut first-keystroke="meta r" />
    <keyboard-shortcut first-keystroke="meta f" />
  </action>
  <action id="RunClass" />
  <action id="ShowIntentionActions">
    <keyboard-shortcut first-keystroke="alt enter" />
    <keyboard-shortcut first-keystroke="ctrl e" />
  </action>
  <action id="Terminal.CopySelectedText">
    <keyboard-shortcut first-keystroke="meta c" />
    <keyboard-shortcut first-keystroke="meta insert" />
    <keyboard-shortcut first-keystroke="ctrl c" />
  </action>
  <action id="TerminalIncreaseFontSize" />
  <action id="UsageFiltering.WriteAccess" />
  <action id="UsageGrouping.FileStructure" />
  <action id="Vcs.QuickListPopupAction" />
</keymap>