<application>
  <component name="ProjectManager">
    <defaultProject>
      <component name="CMakeSettings">
        <configurations>
          <configuration PROFILE_NAME="Debug" CONFIG_NAME="Debug" ENABLED="true" />
        </configurations>
      </component>
      <component name="GithubDefaultAccount">
        <option name="defaultAccountId" value="713bfb4c-529d-49f8-9e09-0df54aa8500d" />
      </component>
      <component name="PropertiesComponent">
        <property name="last_opened_file_path" value="$USER_HOME$/Documents/COMP SCI - z_Embedded Systems/Addressable LED Room Lighting Project" />
      </component>
      <component name="WindowStateProjectService">
        <state x="-925" y="-1714" width="677" height="509" key="FileChooserDialogImpl" timestamp="1686956978921">
          <screen x="-1937" y="-2160" width="2560" height="1400" />
        </state>
        <state x="-925" y="-1714" width="677" height="509" key="FileChooserDialogImpl/0.0.1536.824/-1937.-2160.2560.1400/1920.-2768.1440.2520" timestamp="1686956978921" />
      </component>
    </defaultProject>
  </component>
</application>