<code_scheme name="Default" version="173">
  <codeStyleSettings language="HTML">
    <option name="WRAP_ON_TYPING" value="1" />
  </codeStyleSettings>
  <codeStyleSettings language="JavaScript">
    <option name="WRAP_ON_TYPING" value="1" />
  </codeStyleSettings>
  <codeStyleSettings language="Markdown">
    <option name="WRAP_ON_TYPING" value="1" />
  </codeStyleSettings>
  <codeStyleSettings language="TypeScript">
    <option name="WRAP_ON_TYPING" value="1" />
  </codeStyleSettings>
</code_scheme>