<application>
  <component name="ProjectManager">
    <defaultProject>
      <component name="CMakeSettings">
        <configurations>
          <configuration PROFILE_NAME="Debug" CONFIG_NAME="Debug" ENABLED="true" />
        </configurations>
      </component>
      <component name="GithubDefaultAccount">
        <option name="defaultAccountId" value="713bfb4c-529d-49f8-9e09-0df54aa8500d" />
      </component>
      <component name="PropertiesComponent">
        <property name="last_opened_file_path" value="$USER_HOME$/Documents/COMP SCI - z_Embedded Systems/Addressable LED Room Lighting Project" />
      </component>
    </defaultProject>
  </component>
</application>