<?xml version="1.0" encoding="UTF-8"?>
<!DOCTYPE bindings PUBLIC "-//NetBeans//DTD Editor KeyBindings settings 1.1//EN" "http://www.netbeans.org/dtds/EditorKeyBindings-1_1.dtd">
<bindings>
    <bind actionName="find" key="SDO-L$SDO-K$SDO-J$SDO-U"/>
    <bind actionName="remove-line" key="D-Y"/>
    <bind actionName="replace" key="D-F"/>
    <bind key="BACK_SPACE" remove="true"/>
    <bind key="D-B" remove="true"/>
    <bind key="D-R" remove="true"/>
    <bind key="S-SPACE" remove="true"/>
    <bind key="D-E" remove="true"/>
    <bind key="D-H" remove="true"/>
    <bind key="S-F10" remove="true"/>
</bindings>
