<?xml version="1.0" encoding="UTF-8"?>
<!DOCTYPE fontscolors PUBLIC "-//NetBeans//DTD Editor Fonts and Colors settings 1.2//EN" "http://netbeans.apache.org/dtds/EditorFontsColors-1_2.dtd">
<fontscolors>
    <fontcolor default="identifier" name="cc-highlighting-enumerator"/>
    <fontcolor default="string" name="string"/>
    <fontcolor default="pragma-omp" name="pragma-omp-keyword-directive"/>
    <fontcolor foreColor="ffff9933" name="preprocessor"/>
    <fontcolor default="method" name="cc-highlighting-function">
        <font style="bold"/>
    </fontcolor>
    <fontcolor default="operator" name="operator"/>
    <fontcolor default="keyword" name="keyword-directive"/>
    <fontcolor default="keyword" name="literal"/>
    <fontcolor default="number" name="number"/>
    <fontcolor default="default" foreColor="ff9accff" name="cc-highlighting-typedefs" underline="lightGray"/>
    <fontcolor default="char" name="character"/>
    <fontcolor default="identifier" name="cc-highlighting-enumerator-usage"/>
    <fontcolor default="string" foreColor="ffffb97a" name="preprocessor-user-include-literal"/>
    <fontcolor default="identifier" name="cc-highlighting-enum"/>
    <fontcolor default="default" foreColor="ff2e92c7" name="cc-highlighting-macros">
        <font style="plain"/>
    </fontcolor>
    <fontcolor default="string" name="string-escape">
        <font style="bold"/>
    </fontcolor>
    <fontcolor default="string" name="string-escape-invalid" waveUnderlined="ffce7b00">
        <font style="bold"/>
    </fontcolor>
    <fontcolor default="keyword" foreColor="ff0e9be2" name="keyword"/>
    <fontcolor default="identifier" name="cc-highlighting-enum-usage"/>
    <fontcolor default="comment" name="doxygen-tag">
        <font style="bold"/>
    </fontcolor>
    <fontcolor default="identifier" name="identifier"/>
    <fontcolor default="default" foreColor="lightGray" name="cc-highlighting-unused-variables" underline="ff999999"/>
    <fontcolor default="identifier" name="cc-highlighting-class-usage"/>
    <fontcolor default="field" foreColor="white" name="cc-highlighting-class-fields"/>
    <fontcolor default="identifier" name="cc-highlighting-class"/>
    <fontcolor default="preprocessor-keyword-directive" foreColor="ffff9933" name="preprocessor-keyword"/>
    <fontcolor default="comment" name="html-tag">
        <font style="bold"/>
    </fontcolor>
    <fontcolor default="default" foreColor="ff2e92c7" name="cc-highlighting-macros-user">
        <font style="plain"/>
    </fontcolor>
    <fontcolor default="separator" name="separator"/>
    <fontcolor default="default" foreColor="ff969696" name="cc-highlighting-inactive">
        <font style="plain"/>
    </fontcolor>
    <fontcolor default="default" foreColor="ff2e92c7" name="cc-highlighting-macros-system">
        <font style="plain"/>
    </fontcolor>
    <fontcolor default="string" foreColor="ffffb97a" name="preprocessor-system-include-literal"/>
    <fontcolor default="method" name="cc-highlighting-function-usage"/>
    <fontcolor default="identifier" name="preprocessor-identifier">
        <font style="bold"/>
    </fontcolor>
    <fontcolor default="comment" name="comment"/>
    <fontcolor default="whitespace" name="whitespace"/>
    <fontcolor foreColor="ff2e92c7" name="pragma-omp"/>
    <fontcolor default="preprocessor" name="preprocessor-keyword-directive"/>
    <fontcolor default="error" name="errors"/>
</fontscolors>
