<keymap version="1" name="Windows copy" parent="$default">
  <action id="AutoIndentLines">
    <keyboard-shortcut first-keystroke="ctrl alt i" />
    <keyboard-shortcut first-keystroke="ctrl w" />
  </action>
  <action id="ChangesView.Diff" />
  <action id="CompareTwoFiles" />
  <action id="CopyAsPlainText">
    <keyboard-shortcut first-keystroke="shift ctrl c" />
  </action>
  <action id="CopyPaths">
    <keyboard-shortcut first-keystroke="ctrl alt c" />
  </action>
  <action id="Debug">
    <keyboard-shortcut first-keystroke="shift f9" />
    <keyboard-shortcut first-keystroke="ctrl d" />
  </action>
  <action id="Diff.ShowDiff" />
  <action id="Diff.ShowSettingsPopup" />
  <action id="EditorDuplicate">
    <keyboard-shortcut first-keystroke="shift ctrl d" />
  </action>
  <action id="EditorSelectWord" />
  <action id="FileChooser.GotoDesktop" />
  <action id="Find">
    <keyboard-shortcut first-keystroke="alt f3" />
  </action>
  <action id="Git.Commit.And.Push.Executor">
    <keyboard-shortcut first-keystroke="ctrl alt k" />
    <keyboard-shortcut first-keystroke="ctrl s" />
  </action>
  <action id="Git.Pull">
    <keyboard-shortcut first-keystroke="ctrl u" />
  </action>
  <action id="GotoSuperMethod" />
  <action id="IntroduceConstant" />
  <action id="RecentFiles" />
  <action id="Replace">
    <keyboard-shortcut first-keystroke="ctrl f" />
  </action>
  <action id="Run">
    <keyboard-shortcut first-keystroke="shift f10" />
    <keyboard-shortcut first-keystroke="ctrl r" />
  </action>
  <action id="RunDashboard.CopyConfiguration" />
  <action id="SaveAll">
    <keyboard-shortcut first-keystroke="shift ctrl s" />
  </action>
  <action id="SendEOF" />
  <action id="ShowIntentionActions">
    <keyboard-shortcut first-keystroke="alt enter" />
    <keyboard-shortcut first-keystroke="ctrl e" />
  </action>
  <action id="SwitcherIterateItems" />
  <action id="SwitcherRecentEditedChangedToggleCheckBox" />
  <action id="TodoViewGroupByFlattenPackage" />
  <action id="Vcs.Log.GoToRef">
    <keyboard-shortcut first-keystroke="alt f3" />
  </action>
  <action id="Vcs.ShowMessageHistory">
    <keyboard-shortcut first-keystroke="ctrl m" />
  </action>
  <action id="XDebugger.CopyWatch" />
  <action id="openAssertEqualsDiff" />
</keymap>